,sea_level_m,water_level_m,satellite_water_index_s1_vv,sea_level_m_tide,local_water_level_m,satellite_rainfall_mm_hr,satellite_water_index_s1_vv_water_extent
2025-05-23 11:49:40.190085+07:00,,,,0.99957473403118,0.9442770606825108,0.0,
2025-05-23 12:49:40.190085+07:00,,,,1.28511393689344,1.3396644455106017,0.0,
2025-05-23 13:49:40.190085+07:00,,,,1.4465021543789325,1.0565078388783575,0.0,
2025-05-23 14:49:40.190085+07:00,,,,1.495307138105789,1.0148493016246178,0.0,
2025-05-23 15:49:40.190085+07:00,,,,1.4769456919076085,1.0941909329631185,0.0,
2025-05-23 16:49:40.190085+07:00,,,,1.3663328644352288,0.9181497786551172,0.0,
2025-05-23 17:49:40.190085+07:00,,,,1.1441416782830192,1.0130335109279762,0.0,
2025-05-23 18:49:40.190085+07:00,,,,0.8529784497496097,1.1593251466756842,0.0,
2025-05-23 19:49:40.190085+07:00,,,,0.5609112435683916,1.1305400473713312,0.0,
2025-05-23 20:49:40.190085+07:00,,,,0.41051763255806395,1.3050918900218869,0.0,
2025-05-23 21:49:40.190085+07:00,,,,0.5661970516819026,2.2330202963957224,0.0,
2025-05-23 22:49:40.190085+07:00,,,,0.6773247355382996,1.394144881607045,0.0,
2025-05-23 23:49:40.190085+07:00,,,,0.838684031960627,1.0481003497434642,0.0,
2025-05-24 00:49:40.190085+07:00,,,,1.1439737349955728,1.440610771754391,0.0,
2025-05-24 01:49:40.190085+07:00,,,,1.2694279437015745,1.3836974610380885,0.0,
2025-05-24 02:49:40.190085+07:00,,,,1.5697261569432286,1.4405440287034823,0.0,
2025-05-24 03:49:40.190085+07:00,,,,1.4685367315121676,1.0024514035492373,0.0,
2025-05-24 04:49:40.190085+07:00,,,,1.3597064312917913,1.0216687398313322,0.0,
2025-05-24 05:49:40.190085+07:00,,,,1.1007991635128378,1.7548634926040805,0.0,
2025-05-24 06:49:40.190085+07:00,,,,0.9084808169578896,1.3612262070355412,0.0,
2025-05-24 07:49:40.190085+07:00,,,,0.6598077605500563,1.3424139318352695,0.0,
2025-05-24 08:49:40.190085+07:00,,,,0.521427678735462,1.3029030976622238,0.0,
2025-05-24 09:49:40.190085+07:00,,,,0.5228636503585375,1.3981055423206683,0.0,
2025-05-24 10:49:40.190085+07:00,,,,0.6885547524443157,1.3351604744986696,0.0,
2025-05-24 11:49:40.190085+07:00,,,,0.7486572607954934,1.1172481927314326,0.0,
2025-05-24 12:49:40.190085+07:00,,,,1.0080488002650811,0.9698730427553116,0.0,
2025-05-24 13:49:40.190085+07:00,,,,1.1976499867860741,1.9960777059642028,0.0,
2025-05-24 14:49:40.190085+07:00,,,,1.3802800181769792,1.272059377706284,0.0,
2025-05-24 15:49:40.190085+07:00,,,,1.5399850053887347,1.0490714488505246,0.0,
2025-05-24 16:49:40.190085+07:00,,,,1.4675616204636304,1.2255535331429723,0.0,
2025-05-24 17:49:40.190085+07:00,,,,1.3384455076869177,1.187875911072316,0.0,
2025-05-24 18:49:40.190085+07:00,,,,1.0981706738460242,1.3980524938878656,0.0,
2025-05-24 19:49:40.190085+07:00,,,,0.7272983289340362,1.1024229364831288,0.0,
2025-05-24 20:49:40.190085+07:00,,,,0.5387084840636417,1.712520757240985,0.0,
2025-05-24 21:49:40.190085+07:00,,,,0.5219002715696949,1.9443281559983463,0.0,
2025-05-24 22:49:40.190085+07:00,,,,0.5100282336860907,2.171189287038762,0.0,
2025-05-24 23:49:40.190085+07:00,,,,0.6627319183542456,1.2348917596358837,0.0,
2025-05-25 00:49:40.190085+07:00,,,,1.0258686180681316,1.7317208278074803,0.0,
2025-05-25 01:49:40.190085+07:00,,,,1.1014665808764221,0.9419913761760175,0.0,
2025-05-25 02:49:40.190085+07:00,,,,1.3511406857071118,1.3662677519276274,0.0,
2025-05-25 03:49:40.190085+07:00,,,,1.584169774393078,0.9578456149662684,0.0,
2025-05-25 04:49:40.190085+07:00,,,,1.3846840048581546,1.3627704318710752,0.0,
2025-05-25 05:49:40.190085+07:00,,,,1.3027161482312664,1.2999799568911246,0.0,
2025-05-25 06:49:40.190085+07:00,,,,1.0642586903422853,1.3978640781426492,0.0,
2025-05-25 07:49:40.190085+07:00,,,,0.8294433160503677,2.073753023282408,0.0,
2025-05-25 08:49:40.190085+07:00,,,,0.7330684553610264,1.3363971076315684,0.0,
2025-05-25 09:49:40.190085+07:00,,,,0.5767881450413341,0.9697049971764287,0.0,
2025-05-25 10:49:40.190085+07:00,,,,0.5146312897683882,1.3404854156864818,0.0,
2025-05-25 11:49:40.190085+07:00,,,,0.667586483272226,0.9357798919291265,0.0,
2025-05-25 12:49:40.190085+07:00,,,,0.930453643590044,1.021971128446709,0.0,
2025-05-25 13:49:40.190085+07:00,,,,1.1194673090337284,0.930760679129524,0.0,
2025-05-25 14:49:40.190085+07:00,,,,1.2223894327575622,0.9455146805419252,0.0,
2025-05-25 15:49:40.190085+07:00,,,,1.4414244938652818,1.2837647025562813,0.0,
2025-05-25 16:49:40.190085+07:00,,,,1.5595849378478501,1.3360147239185158,0.0,
2025-05-25 17:49:40.190085+07:00,,,,1.5005325741929423,1.333311320425825,0.0,
2025-05-25 18:49:40.190085+07:00,,,,1.2032332469843947,0.9373543627851705,0.0,
2025-05-25 19:49:40.190085+07:00,,,,0.9381066406202687,1.352237393921547,0.0,
2025-05-25 20:49:40.190085+07:00,,,,0.7063663072351114,1.167515378542066,0.0,
2025-05-25 21:49:40.190085+07:00,,,,0.6062927551329453,1.1347797991254711,0.0,
2025-05-25 22:49:40.190085+07:00,,,,0.5704975577570511,1.271998190968363,0.0,
2025-05-25 23:49:40.190085+07:00,,,,0.5885905072402768,0.9324963771036117,0.0,
2025-05-26 00:49:40.190085+07:00,,,,0.6921136518197925,0.9930167966295809,0.0,
2025-05-26 01:49:40.190085+07:00,,,,1.0593595785996375,1.0639213845113242,0.0,
2025-05-26 02:49:40.190085+07:00,,,,1.2213218074188268,0.958188232832501,0.0,
2025-05-26 03:49:40.190085+07:00,,,,1.4644694243558103,0.9871249213195388,0.0,
2025-05-26 04:49:40.190085+07:00,,,,1.4521646991893422,1.1280856816933238,0.0,
2025-05-26 05:49:40.190085+07:00,,,,1.4549989360231421,1.2147877327737462,0.0,
2025-05-26 06:49:40.190085+07:00,,,,1.3249849830513836,1.0134316908623688,0.0,
2025-05-26 07:49:40.190085+07:00,,,,0.9951941040905582,1.1476546597023547,0.0,
2025-05-26 08:49:40.190085+07:00,,,,0.9198918324455101,1.0452348452270115,0.0,
2025-05-26 09:49:40.190085+07:00,,,,0.6703769002040714,1.06183918953288,0.0,
2025-05-26 10:49:40.190085+07:00,,,,0.5688100439656897,1.1233720677787407,0.0,
2025-05-26 11:49:40.190085+07:00,,,,0.47607577437704063,1.1472002629217757,0.0,
2025-05-26 12:49:40.190085+07:00,,,,0.7263454265515813,1.0542292642278461,0.0,
2025-05-26 13:49:40.190085+07:00,,,,0.871197493651977,1.311693537523167,0.0,
2025-05-26 14:49:40.190085+07:00,,,,1.0658236158345065,1.091976590677699,0.0,
2025-05-26 15:49:40.190085+07:00,,,,1.3432082032680444,1.3880419943758522,0.0,
2025-05-26 16:49:40.190085+07:00,,,,1.4459937318139062,1.1148152164511012,0.0,
2025-05-26 17:49:40.190085+07:00,,,,1.4640201886588864,1.1585703615862477,0.0,
2025-05-26 18:49:40.190085+07:00,,,,1.4226135305049286,0.994401796903137,0.0,
2025-05-26 19:49:40.190085+07:00,,,,1.1694174790454943,1.3858683733990196,0.0,
2025-05-26 20:49:40.190085+07:00,,,,0.8590554302413105,1.3662253949705216,0.0,
2025-05-26 21:49:40.190085+07:00,,,,0.7748736914039684,2.122429941796903,0.0,
2025-05-26 22:49:40.190085+07:00,,,,0.4554491857246491,1.335173738121163,0.0,
2025-05-26 23:49:40.190085+07:00,,,,0.5860188250916193,1.2706993525350867,0.0,
2025-05-27 00:49:40.190085+07:00,,,,0.5393237335028153,1.262111294837995,0.0,
2025-05-27 01:49:40.190085+07:00,,,,0.7502272895704025,1.2394161555301306,0.0,
2025-05-27 02:49:40.190085+07:00,,,,0.9438450604873705,1.2094053481605935,0.0,
2025-05-27 03:49:40.190085+07:00,,,,1.2358896591052726,1.1893027325190904,0.0,
2025-05-27 04:49:40.190085+07:00,,,,1.4680443188233474,1.0034202900506757,0.0,
2025-05-27 05:49:40.190085+07:00,,,,1.4743500368562423,1.0875046328405864,0.0,
2025-05-27 06:49:40.190085+07:00,,,,1.5094091492936623,1.346166679146467,0.0,
2025-05-27 07:49:40.190085+07:00,,,,1.3171620431645825,1.824594757187208,0.0,
2025-05-27 08:49:40.190085+07:00,,,,1.040978193528577,1.41879139236835,0.0,
2025-05-27 09:49:40.190085+07:00,,,,0.8575545674726033,1.6026279697782364,0.0,
2025-05-27 10:49:40.190085+07:00,,,,0.538841306604515,1.0211182535134697,0.0,
2025-05-27 11:49:40.190085+07:00,,,,0.4408371336273583,1.0341496610038807,0.0,
2025-05-27 12:49:40.190085+07:00,,,,0.45873043625993865,1.8289050309018693,0.0,
2025-05-27 13:49:40.190085+07:00,,,,0.6259517261741293,1.3919984922191402,0.0,
2025-05-27 14:49:40.190085+07:00,,,,0.8305238262256988,1.190933234943508,0.0,
2025-05-27 15:49:40.190085+07:00,,,,1.1297756385428388,2.1592522859546497,0.0,
2025-05-27 16:49:40.190085+07:00,,,,1.3436517649354223,1.3217996624291528,0.0,
2025-05-27 17:49:40.190085+07:00,,,,1.4616363153172323,1.2746344055456837,0.0,
2025-05-27 18:49:40.190085+07:00,,,,1.4783655463775651,1.903859444084785,0.0,
2025-05-27 19:49:40.190085+07:00,,,,1.3561261925086474,1.1183937806831759,0.0,
2025-05-27 20:49:40.190085+07:00,,,,1.1214442204645783,0.894903252693214,0.0,
2025-05-27 21:49:40.190085+07:00,,,,0.9694473693732033,2.075225004314456,0.0,
2025-05-27 22:49:40.190085+07:00,,,,0.6526276326185935,1.033501818241334,0.0,
2025-05-27 23:49:40.190085+07:00,,,,0.5820844109439043,0.9451399990315272,0.0,
2025-05-28 00:49:40.190085+07:00,,,,0.5401390722836686,1.3691279743903746,0.0,
2025-05-28 01:49:40.190085+07:00,,,,0.5548537668246685,1.42015153262619,0.0,
2025-05-28 02:49:40.190085+07:00,,,,0.7800755553511757,0.8882971619999358,0.0,
2025-05-28 03:49:40.190085+07:00,,,,1.0329698694965348,1.0720689402976278,0.0,
2025-05-28 04:49:40.190085+07:00,,,,1.208847156691487,1.0008953866486958,0.0,
2025-05-28 05:49:40.190085+07:00,,,,1.4076540393923893,1.3286780825846354,0.0,
2025-05-28 06:49:40.190085+07:00,,,,1.4478817298538742,1.4129505931531545,0.0,
2025-05-28 07:49:40.190085+07:00,,,,1.3648828646252478,1.118915018580964,0.0,
2025-05-28 08:49:40.190085+07:00,,,,1.3319376392543891,1.3155745458141297,0.0,
2025-05-28 09:49:40.190085+07:00,,,,1.0314500405207752,1.0416351197542781,0.0,
2025-05-28 10:49:40.190085+07:00,,,,0.8385098340211444,1.2328256127742718,0.0,
2025-05-28 11:49:40.190085+07:00,,,,0.4852973190259342,0.935708429071948,0.0,
2025-05-28 12:49:40.190085+07:00,,,,0.545040616367595,1.0679573433685379,0.0,
2025-05-28 13:49:40.190085+07:00,,,,0.5751660637138807,1.425506475809893,0.0,
2025-05-28 14:49:40.190085+07:00,,,,0.6772832946404468,1.3090805349387695,0.0,
2025-05-28 15:49:40.190085+07:00,,,,1.0332194754416748,1.222886070857942,0.0,
2025-05-28 16:49:40.190085+07:00,,,,1.2591150952905814,0.91293099158983,0.0,
2025-05-28 17:49:40.190085+07:00,,,,1.4715437285328818,1.0549250351700694,0.0,
2025-05-28 18:49:40.190085+07:00,,,,1.5843694483503286,1.0175638928445478,0.0,
2025-05-28 19:49:40.190085+07:00,,,,1.3800464736261728,0.9087785389845525,0.0,
2025-05-28 20:49:40.190085+07:00,,,,1.240452263448511,1.3605134800400105,0.0,
2025-05-28 21:49:40.190085+07:00,,,,1.1029850420061902,1.3767553387995837,0.0,
2025-05-28 22:49:40.190085+07:00,,,,0.8347770497481873,0.9205853411062107,0.0,
2025-05-28 23:49:40.190085+07:00,,,,0.565882666480753,0.9429647231050549,0.0,
2025-05-29 00:49:40.190085+07:00,,,,0.43611138102431396,1.0776699854772989,0.0,
2025-05-29 01:49:40.190085+07:00,,,,0.4983150927658425,1.1787006100079365,0.0,
2025-05-29 02:49:40.190085+07:00,,,,0.6073236735009588,1.9385485288797548,0.0,
2025-05-29 03:49:40.190085+07:00,,,,0.8727333445391319,1.2139895795767388,0.0,
2025-05-29 04:49:40.190085+07:00,,,,1.1683149518896847,1.3233289530249843,0.0,
2025-05-29 05:49:40.190085+07:00,,,,1.3148172399993332,1.1874156230496011,0.0,
2025-05-29 06:49:40.190085+07:00,,,,1.3954249157663194,1.3204471634239914,0.0,
2025-05-29 07:49:40.190085+07:00,,,,1.535116153833923,2.164343425495016,0.0,
2025-05-29 08:49:40.190085+07:00,,,,1.4878892103814998,1.1443528346926124,0.0,
2025-05-29 09:49:40.190085+07:00,,,,1.2881441609153177,0.9935355906793895,0.0,
2025-05-29 10:49:40.190085+07:00,,,,0.9787164471204135,1.3470065507999809,0.0,
2025-05-29 11:49:40.190085+07:00,,,,0.7654028211355024,1.22100825271734,0.0,
2025-05-29 12:49:40.190085+07:00,,,,0.5054924669554113,1.3651081109050272,0.0,
2025-05-29 13:49:40.190085+07:00,,,,0.5038076957128992,0.9285595898138416,0.0,
2025-05-29 14:49:40.190085+07:00,,,,0.6270608950083876,1.221026308604508,0.0,
2025-05-29 15:49:40.190085+07:00,,,,0.6982136739622974,0.9661485744646277,0.0,
2025-05-29 16:49:40.190085+07:00,,,,0.9421609837180563,1.0798468664810932,0.0,
2025-05-29 17:49:40.190085+07:00,,,,1.2412116485907483,2.044856381427855,0.0,
2025-05-29 18:49:40.190085+07:00,,,,1.5031694435208935,1.3989030852035158,0.0,
2025-05-29 19:49:40.190085+07:00,,,,1.39979756022372,1.3561529784863566,0.0,
2025-05-29 20:49:40.190085+07:00,,,,1.522199831480643,1.3135013655530092,0.0,
2025-05-29 21:49:40.190085+07:00,,,,1.2979739525766578,1.338591137051581,0.0,
2025-05-29 22:49:40.190085+07:00,,,,1.108403985731761,1.261493662571829,0.0,
2025-05-29 23:49:40.190085+07:00,,,,0.8314827841223728,0.9093450397886005,0.0,
2025-05-30 00:49:40.190085+07:00,,,,0.6018772456000463,1.1979115278068027,0.0,
2025-05-30 01:49:40.190085+07:00,,,,0.5074026058463813,2.4897999108052327,0.0,
2025-05-30 02:49:40.190085+07:00,,,,0.5533602909101452,2.2418604731463194,0.0,
2025-05-30 03:49:40.190085+07:00,,,,0.602350508910168,0.9519033961494243,0.0,
2025-05-30 04:49:40.190085+07:00,,,,0.8637881930491733,1.2980204433923697,0.0,
2025-05-30 05:49:40.190085+07:00,,,,1.17431348054826,1.3571772316350477,0.0,
2025-05-30 06:49:40.190085+07:00,,,,1.3285894819630293,1.1409635660310065,0.0,
2025-05-30 07:49:40.190085+07:00,,,,1.414139337262453,1.0612964000438379,0.0,
2025-05-30 08:49:40.190085+07:00,,,,1.5829074534837897,0.986957350186783,0.0,
2025-05-30 09:49:40.190085+07:00,,,,1.378133415211668,1.2474543866008798,0.0,
2025-05-30 10:49:40.190085+07:00,,,,1.1698401407908572,1.990697775065871,0.0,
2025-05-30 11:49:40.190085+07:00,,,,0.8776808489284453,1.3311663502520632,0.0,
2025-05-30 12:49:40.190085+07:00,,,,0.624923691613213,1.2847152531841315,0.0,
2025-05-30 13:49:40.190085+07:00,,,,0.6034015027314699,1.0147318799716847,0.0,
2025-05-30 14:49:40.190085+07:00,,,,0.5017715018770352,1.4074033183209682,0.0,
2025-05-30 15:49:40.190085+07:00,,,,0.5762147786630584,1.6029172376096397,0.0,
2025-05-30 16:49:40.190085+07:00,,,,0.7799789471546538,1.0548385554312407,0.0,
2025-05-30 17:49:40.190085+07:00,,,,1.0773989651341633,0.9712242408525376,0.0,
2025-05-30 18:49:40.190085+07:00,,,,1.2337066834754755,1.127895490686548,0.0,
2025-05-30 19:49:40.190085+07:00,,,,1.421083789185827,1.0874266059610855,0.0,
2025-05-30 20:49:40.190085+07:00,,,,1.5103876623662547,1.0713670667638335,0.0,
2025-05-30 21:49:40.190085+07:00,,,,1.5091457823879566,1.2927941991610963,0.0,
2025-05-30 22:49:40.190085+07:00,,,,1.190349154777991,1.0943841054290124,0.0,
2025-05-30 23:49:40.190085+07:00,,,,0.9545337475755191,0.9563989681272071,0.0,
2025-05-31 00:49:40.190085+07:00,,,,0.6892734561794147,1.081981762091507,0.0,
2025-05-31 01:49:40.190085+07:00,,,,0.48879290386771934,1.8088249454704566,0.0,
2025-05-31 02:49:40.190085+07:00,,,,0.514645596994696,1.4078178380657034,0.0,
2025-05-31 03:49:40.190085+07:00,,,,0.539806413648035,1.0674521225283975,0.0,
2025-05-31 04:49:40.190085+07:00,,,,0.6618172495848488,1.3448492868808035,0.0,
2025-05-31 05:49:40.190085+07:00,,,,0.841007226103119,0.9551350549446883,0.0,
2025-05-31 06:49:40.190085+07:00,,,,1.180477209644975,1.1370174257003196,0.0,
2025-05-31 07:49:40.190085+07:00,,,,1.2946341791672393,1.3450386561031888,0.0,
2025-05-31 08:49:40.190085+07:00,,,,1.4977817991678635,1.3650166229478313,0.0,
2025-05-31 09:49:40.190085+07:00,,,,1.521892318128061,1.199961967937158,0.0,
2025-05-31 10:49:40.190085+07:00,,,,1.429359090735259,1.2785053206882275,0.0,
2025-05-31 11:49:40.190085+07:00,,,,1.0679789090885943,1.1026363576562508,0.0,
2025-05-31 12:49:40.190085+07:00,,,,0.8108662427083203,1.3433007127452719,0.0,
2025-05-31 13:49:40.190085+07:00,,,,0.6356586535804736,1.2318841807517589,0.0,
2025-05-31 14:49:40.190085+07:00,,,,0.46227034158314056,1.0600271559760048,0.0,
2025-05-31 15:49:40.190085+07:00,,,,0.5019424880103718,1.350765497524058,0.0,
2025-05-31 16:49:40.190085+07:00,,,,0.6207301348799601,1.1652777551481877,0.0,
2025-05-31 17:49:40.190085+07:00,,,,0.8725743798649486,1.0650158404799779,0.0,
2025-05-31 18:49:40.190085+07:00,,,,1.0092981335846454,1.2205893134106687,0.0,
2025-05-31 19:49:40.190085+07:00,,,,1.2430780333038842,1.3045061785367469,0.0,
2025-05-31 20:49:40.190085+07:00,,,,1.4177128544996163,2.1064456213527434,0.0,
2025-05-31 21:49:40.190085+07:00,,,,1.4507827755782423,0.9771553219796586,0.0,
2025-05-31 22:49:40.190085+07:00,,,,1.4820283537521302,1.1740951245448221,0.0,
2025-05-31 23:49:40.190085+07:00,,,,1.1656929370568478,1.2398122430665441,0.0,
2025-06-01 00:49:40.190085+07:00,,,,0.9235075555611908,1.0630557654239716,0.0,
2025-06-01 01:49:40.190085+07:00,,,,0.7918034851601697,2.3269532289685713,0.0,
2025-06-01 02:49:40.190085+07:00,,,,0.5237371298362671,1.1183006548790828,0.0,
2025-06-01 03:49:40.190085+07:00,,,,0.4065499019486925,0.9265344990310365,0.0,
2025-06-01 04:49:40.190085+07:00,,,,0.5122606892079717,2.354232191236438,0.0,
2025-06-01 05:49:40.190085+07:00,,,,0.6639357779393414,1.221362711905385,0.0,
2025-06-01 06:49:40.190085+07:00,,,,1.0129915996740493,1.3199490943126542,0.0,
2025-06-01 07:49:40.190085+07:00,,,,1.1210437098478319,1.1235678874740422,0.0,
2025-06-01 08:49:40.190085+07:00,,,,1.4750110137025467,0.8829248601596315,0.0,
2025-06-01 09:49:40.190085+07:00,,,,1.5437757136334818,0.9574001992349063,0.0,
2025-06-01 10:49:40.190085+07:00,,,,1.4735335066005288,0.9711238767292243,0.0,
2025-06-01 11:49:40.190085+07:00,,,,1.2885412961757898,1.1057240855424249,0.0,
2025-06-01 12:49:40.190085+07:00,,,,1.004815604556362,1.3850344946451143,0.0,
2025-06-01 13:49:40.190085+07:00,,,,0.8367634624511401,1.0820263847986955,0.0,
2025-06-01 14:49:40.190085+07:00,,,,0.6640050854169374,1.2124281180177905,0.0,
2025-06-01 15:49:40.190085+07:00,,,,0.46486057808186776,1.3015967258750099,0.0,
2025-06-01 16:49:40.190085+07:00,,,,0.5026353271039072,0.9917160855318624,0.0,
2025-06-01 17:49:40.190085+07:00,,,,0.6961135606122894,1.5859684007949433,0.0,
2025-06-01 18:49:40.190085+07:00,,,,0.955138358921703,1.3763020043741256,0.0,
2025-06-01 19:49:40.190085+07:00,,,,1.113760968939928,1.1332444409127522,0.0,
2025-06-01 20:49:40.190085+07:00,,,,1.3793330756631066,1.620691309217826,0.0,
2025-06-01 21:49:40.190085+07:00,,,,1.4604186324885433,1.0781114467855657,0.0,
2025-06-01 22:49:40.190085+07:00,,,,1.5282688840578729,1.7143472403655462,0.0,
2025-06-01 23:49:40.190085+07:00,,,,1.4409600177632826,1.1644828994206438,0.0,
2025-06-02 00:49:40.190085+07:00,,,,1.2087049630776565,1.069225549541288,0.0,
2025-06-02 01:49:40.190085+07:00,,,,0.9264106579148922,1.0094198301102109,0.0,
2025-06-02 02:49:40.190085+07:00,,,,0.710808824028857,1.1076454441918169,0.0,
2025-06-02 03:49:40.190085+07:00,,,,0.5093644523562162,0.968203450531549,0.0,
2025-06-02 04:49:40.190085+07:00,,,,0.4063695683646652,1.084540218582686,0.0,
2025-06-02 05:49:40.190085+07:00,,,,0.524294977946508,1.2228788275137341,0.0,
2025-06-02 06:49:40.190085+07:00,,,,0.7599371651004176,1.1955078716956289,0.0,
2025-06-02 07:49:40.190085+07:00,,,,1.0231727193969726,1.3488169448010177,0.0,
2025-06-02 08:49:40.190085+07:00,,,,1.2842223459919992,2.297194433595517,0.0,
2025-06-02 09:49:40.190085+07:00,,,,1.4433425580802606,2.3948693096919094,0.0,
2025-06-02 10:49:40.190085+07:00,,,,1.5438364206414052,1.1330184880604208,0.0,
2025-06-02 11:49:40.190085+07:00,,,,1.3727961997688745,1.3068787455600626,0.0,
2025-06-02 12:49:40.190085+07:00,,,,1.3609299092681169,1.3506421807340863,0.0,
2025-06-02 13:49:40.190085+07:00,,,,1.0146732832868774,1.2451829102962622,0.0,
2025-06-02 14:49:40.190085+07:00,,,,0.8069100704974397,1.0855896225919894,0.0,
2025-06-02 15:49:40.190085+07:00,,,,0.6047447355790283,1.2258805203601453,0.0,
2025-06-02 16:49:40.190085+07:00,,,,0.5267355158480501,1.3932620163136278,0.0,
2025-06-02 17:49:40.190085+07:00,,,,0.512119538995978,1.2531531152924027,0.0,
2025-06-02 18:49:40.190085+07:00,,,,0.7105526264996938,0.9276907003073861,0.0,
2025-06-02 19:49:40.190085+07:00,,,,0.9863540240460917,1.1619507065838297,0.0,
2025-06-02 20:49:40.190085+07:00,,,,1.1302307965456926,1.1327599401504203,0.0,
2025-06-02 21:49:40.190085+07:00,,,,1.2623474837188444,1.166487515438104,0.0,
2025-06-02 22:49:40.190085+07:00,,,,1.406378638566314,2.4838130745329696,0.0,
2025-06-02 23:49:40.190085+07:00,,,,1.4465516297180134,0.9619120073737244,0.0,
2025-06-03 00:49:40.190085+07:00,,,,1.3982992587988325,2.32583237135815,0.0,
2025-06-03 01:49:40.190085+07:00,,,,1.1821294549883286,1.2223507336201687,0.0,
2025-06-03 02:49:40.190085+07:00,,,,0.8434318379591448,1.1529423557237577,0.0,
2025-06-03 03:49:40.190085+07:00,,,,0.6033941073206672,1.3084868794037723,0.0,
2025-06-03 04:49:40.190085+07:00,,,,0.618647798697152,2.2088244786669673,0.0,
2025-06-03 05:49:40.190085+07:00,,,,0.48495143528390355,1.085892659764855,0.0,
2025-06-03 06:49:40.190085+07:00,,,,0.6107505797000944,0.9168142827978979,0.0,
2025-06-03 07:49:40.190085+07:00,,,,0.7022114137978652,1.0742850842170373,0.0,
2025-06-03 08:49:40.190085+07:00,,,,1.0862510498102729,1.16934179240832,0.0,
2025-06-03 09:49:40.190085+07:00,,,,1.27883192440685,1.1581132156952956,0.0,
2025-06-03 10:49:40.190085+07:00,,,,1.3969072354203296,0.9728320403720797,0.0,
2025-06-03 11:49:40.190085+07:00,,,,1.5956295432637384,1.075840479617624,0.0,
2025-06-03 12:49:40.190085+07:00,,,,1.3885215537804252,1.123982246758711,0.0,
2025-06-03 13:49:40.190085+07:00,,,,1.261472634206628,1.1288241025029806,0.0,
2025-06-03 14:49:40.190085+07:00,,,,0.9140305908716194,1.1418349245092962,0.0,
2025-06-03 15:49:40.190085+07:00,,,,0.7648002008688157,2.462030184224748,0.0,
2025-06-03 16:49:40.190085+07:00,,,,0.533839935053621,1.044006415667619,0.0,
2025-06-03 17:49:40.190085+07:00,,,,0.5639979738071347,1.3173596625115296,0.0,
2025-06-03 18:49:40.190085+07:00,,,,0.6306373218969571,1.2611824027315435,0.0,
2025-06-03 19:49:40.190085+07:00,,,,0.6893638512035173,1.3531294709506847,0.0,
2025-06-03 20:49:40.190085+07:00,,,,0.9003626553680407,1.2703806797512711,0.0,
2025-06-03 21:49:40.190085+07:00,,,,1.151896827830687,0.9902922897851401,0.0,
2025-06-03 22:49:40.190085+07:00,,,,1.421448364616395,1.0712154482993628,0.0,
2025-06-03 23:49:40.190085+07:00,,,,1.4903550633533302,1.0977436896611639,0.0,
2025-06-04 00:49:40.190085+07:00,,,,1.4897234754614037,1.2363150835460819,0.0,
2025-06-04 01:49:40.190085+07:00,,,,1.2512667872325833,1.1128511061797433,0.0,
2025-06-04 02:49:40.190085+07:00,,,,1.1543905471224107,1.060341379429512,0.0,
2025-06-04 03:49:40.190085+07:00,,,,0.8915194167382172,0.9633978577955105,0.0,
2025-06-04 04:49:40.190085+07:00,,,,0.636210545888809,2.447412479812459,0.0,
2025-06-04 05:49:40.190085+07:00,,,,0.4695790242939807,1.2681851258068015,0.0,
2025-06-04 06:49:40.190085+07:00,,,,0.5268307717283695,1.051168035877394,0.0,
2025-06-04 07:49:40.190085+07:00,,,,0.5682244986762673,0.8857351972597897,0.0,
2025-06-04 08:49:40.190085+07:00,,,,0.9019930342718173,0.8999452183834311,0.0,
2025-06-04 09:49:40.190085+07:00,,,,1.1235756377532915,1.112135129438268,0.0,
2025-06-04 10:49:40.190085+07:00,,,,1.378634374471761,0.9273580484892434,0.0,
2025-06-04 11:49:40.190085+07:00,,,,1.5389446183712876,1.1861781575803587,0.0,
2025-06-04 12:49:40.190085+07:00,,,,1.4585370987207011,1.235312239860585,0.0,
2025-06-04 13:49:40.190085+07:00,,,,1.4276897917673024,1.2792144737704225,0.0,
2025-06-04 14:49:40.190085+07:00,,,,1.285449462457365,1.3602950188151028,0.0,
2025-06-04 15:49:40.190085+07:00,,,,1.041481507742993,1.100994168298197,0.0,
2025-06-04 16:49:40.190085+07:00,,,,0.7723773457164993,1.0756424466873393,0.0,
2025-06-04 17:49:40.190085+07:00,,,,0.6301737427178404,0.9163666274711639,0.0,
2025-06-04 18:49:40.190085+07:00,,,,0.45240032346342585,1.1935681285611837,0.0,
2025-06-04 19:49:40.190085+07:00,,,,0.5887398674198865,1.9549018309204942,0.0,
2025-06-04 20:49:40.190085+07:00,,,,0.8110990979754443,0.9642442877240458,0.0,
2025-06-04 21:49:40.190085+07:00,,,,0.9593438469588008,1.098776366632825,0.0,
2025-06-04 22:49:40.190085+07:00,,,,1.1749957557961785,1.3158953370503605,0.0,
2025-06-04 23:49:40.190085+07:00,,,,1.393400459926647,1.5090603886733953,0.0,
2025-06-05 00:49:40.190085+07:00,,,,1.4542419529241013,1.8577816145346329,0.0,
2025-06-05 01:49:40.190085+07:00,,,,1.4074218855991374,2.2179740286227085,0.0,
2025-06-05 02:49:40.190085+07:00,,,,1.3475585591099979,1.312455815056519,0.0,
2025-06-05 03:49:40.190085+07:00,,,,1.01307092758974,1.42134147417451,0.0,
2025-06-05 04:49:40.190085+07:00,,,,0.852322504700225,1.3104187239964535,0.0,
2025-06-05 05:49:40.190085+07:00,,,,0.7171073467837547,1.0765283818433833,0.0,
2025-06-05 06:49:40.190085+07:00,,,,0.5796217987216663,1.1401835488590149,0.0,
2025-06-05 07:49:40.190085+07:00,,,,0.4368688784333732,1.0319409069602639,0.0,
2025-06-05 08:49:40.190085+07:00,,,,0.6873639032209047,1.3074960944490412,0.0,
2025-06-05 09:49:40.190085+07:00,,,,0.9560041730722288,1.3172978157474295,0.0,
2025-06-05 10:49:40.190085+07:00,,,,1.1855544821158253,0.9558386393671414,0.0,
2025-06-05 11:49:40.190085+07:00,,,,1.2902184633178009,0.9461366224393499,0.0,
2025-06-05 12:49:40.190085+07:00,,,,1.4940031459317458,1.3119028508336976,0.0,
2025-06-05 13:49:40.190085+07:00,,,,1.51653749350302,1.1558484217572322,0.0,
2025-06-05 14:49:40.190085+07:00,,,,1.3797976092940094,1.0681434702444677,0.0,
2025-06-05 15:49:40.190085+07:00,,,,1.2579520742851158,1.0442823900480664,0.0,
2025-06-05 16:49:40.190085+07:00,,,,0.8688765549226972,0.9024410284039388,0.0,
2025-06-05 17:49:40.190085+07:00,,,,0.6682942985284254,2.2112596658577477,0.0,
2025-06-05 18:49:40.190085+07:00,,,,0.4929645337584698,1.1124967282179452,0.0,
2025-06-05 19:49:40.190085+07:00,,,,0.6001467247845942,0.900576179713433,0.0,
2025-06-05 20:49:40.190085+07:00,,,,0.6606489986774864,1.1794842514141974,0.0,
2025-06-05 21:49:40.190085+07:00,,,,0.6762994642411971,1.3101278383446187,0.0,
2025-06-05 22:49:40.190085+07:00,,,,0.9759914284819393,1.2795474247113083,0.0,
2025-06-05 23:49:40.190085+07:00,,,,1.3161867470265858,2.4423421821595435,0.0,
2025-06-06 00:49:40.190085+07:00,,,,1.5295764479563703,1.200763000577421,0.0,
2025-06-06 01:49:40.190085+07:00,,,,1.5155544322365522,1.2020844711982057,0.0,
2025-06-06 02:49:40.190085+07:00,,,,1.5009225933303982,1.0277133969506027,0.0,
2025-06-06 03:49:40.190085+07:00,,,,1.3476875341658163,1.1506998354857159,0.0,
2025-06-06 04:49:40.190085+07:00,,,,0.9480456785149061,1.2489193519531434,0.0,
2025-06-06 05:49:40.190085+07:00,,,,0.806532405743411,0.9398708806925249,0.0,
2025-06-06 06:49:40.190085+07:00,,,,0.5605533606513946,0.9485417938005456,0.0,
2025-06-06 07:49:40.190085+07:00,,,,0.5167381142013362,1.340231693566734,0.0,
2025-06-06 08:49:40.190085+07:00,,,,0.49471571353088223,1.1212475087609752,0.0,
2025-06-06 09:49:40.190085+07:00,,,,0.6381785901452407,1.1532254366130448,0.0,
2025-06-06 10:49:40.190085+07:00,,,,0.8566691999261026,1.0128500185134308,0.0,
2025-06-06 11:49:40.190085+07:00,,,,1.1521762097648596,1.8402317302893096,0.0,
2025-06-06 12:49:40.190085+07:00,,,,1.432863880194858,1.0811315304491047,0.0,
2025-06-06 13:49:40.190085+07:00,,,,1.5757919811539076,0.9304222959965537,0.0,
2025-06-06 14:49:40.190085+07:00,,,,1.5204941451761922,1.0844471081439213,0.0,
2025-06-06 15:49:40.190085+07:00,,,,1.4443545710070058,0.9607295418400043,0.0,
2025-06-06 16:49:40.190085+07:00,,,,1.110200754985767,0.9055585392834438,0.0,
2025-06-06 17:49:40.190085+07:00,,,,0.9788101764590997,0.8615665766506762,0.0,
2025-06-06 18:49:40.190085+07:00,,,,0.6630412926801611,1.1122364716737394,0.0,
2025-06-06 19:49:40.190085+07:00,,,,0.5363272010548162,1.1491913088659411,0.0,
2025-06-06 20:49:40.190085+07:00,,,,0.5018357564658457,1.2411338057454107,0.0,
2025-06-06 21:49:40.190085+07:00,,,,0.5313394240764868,1.004078297804644,0.0,
2025-06-06 22:49:40.190085+07:00,,,,0.7688704695457199,1.1434992141736202,0.0,
2025-06-06 23:49:40.190085+07:00,,,,1.0769249134905885,1.1531959592893997,0.0,
2025-06-07 00:49:40.190085+07:00,,,,1.3102809506225035,1.1027075683092757,0.0,
2025-06-07 01:49:40.190085+07:00,,,,1.3661354160267825,1.0918800382063536,0.0,
2025-06-07 02:49:40.190085+07:00,,,,1.407600417284918,2.034377751357711,0.0,
2025-06-07 03:49:40.190085+07:00,,,,1.513209954683937,1.293364475364037,0.0,
2025-06-07 04:49:40.190085+07:00,,,,1.267627113429747,0.9213521577689275,0.0,
2025-06-07 05:49:40.190085+07:00,,,,0.9641365641826785,1.089270422852248,0.0,
2025-06-07 06:49:40.190085+07:00,,,,0.7113636549441027,1.159593822817509,0.0,
2025-06-07 07:49:40.190085+07:00,,,,0.5238796001061947,1.0716243481483239,0.0,
2025-06-07 08:49:40.190085+07:00,,,,0.5245308217027175,1.2420787516519918,0.0,
2025-06-07 09:49:40.190085+07:00,,,,0.5559697406261886,1.1742849190792928,0.0,
2025-06-07 10:49:40.190085+07:00,,,,0.6382638118633364,1.3345972301284965,0.0,
2025-06-07 11:49:40.190085+07:00,,,,0.984583210190441,2.213304038206496,0.0,
2025-06-07 12:49:40.190085+07:00,,,,1.2420447653261026,1.135790205906062,0.0,
2025-06-07 13:49:40.190085+07:00,,,,1.489842408320383,0.9261350593833713,0.0,
2025-06-07 14:49:40.190085+07:00,,,,1.4268235796313076,1.206191614894378,0.0,
2025-06-07 15:49:40.190085+07:00,,,,1.4130420591097603,1.1172891945990544,0.0,
2025-06-07 16:49:40.190085+07:00,,,,1.3154866726802728,1.0756339139849667,0.0,
2025-06-07 17:49:40.190085+07:00,,,,1.154136101030979,0.9125609947770367,0.0,
2025-06-07 18:49:40.190085+07:00,,,,0.9039459184885108,1.1415970283241914,0.0,
2025-06-07 19:49:40.190085+07:00,,,,0.6771889124645182,0.8838087069971616,0.0,
2025-06-07 20:49:40.190085+07:00,,,,0.49305478145416043,1.0578876727645632,0.0,
2025-06-07 21:49:40.190085+07:00,,,,0.48259341853490734,1.3153091880738699,0.0,
2025-06-07 22:49:40.190085+07:00,,,,0.557490609860672,1.0469795567251334,0.0,
2025-06-07 23:49:40.190085+07:00,,,,0.8568851688635528,1.2888790426531331,0.0,
2025-06-08 00:49:40.190085+07:00,,,,1.0754119409332448,1.2941365697713283,0.0,
2025-06-08 01:49:40.190085+07:00,,,,1.2698999767395152,0.8865895527806009,0.0,
2025-06-08 02:49:40.190085+07:00,,,,1.5376409318981512,1.188317240723842,0.0,
2025-06-08 03:49:40.190085+07:00,,,,1.447622011104807,1.0317360218379314,0.0,
2025-06-08 04:49:40.190085+07:00,,,,1.3300453551324194,1.3865533875975922,0.0,
2025-06-08 05:49:40.190085+07:00,,,,1.222259515388349,0.8992722495770133,0.0,
2025-06-08 06:49:40.190085+07:00,,,,0.9561720154644504,1.0102718909932231,0.0,
2025-06-08 07:49:40.190085+07:00,,,,0.6655823869104683,0.9253793696035266,0.0,
2025-06-08 08:49:40.190085+07:00,,,,0.592206165443913,1.0909353572057596,0.0,
2025-06-08 09:49:40.190085+07:00,,,,0.4465786981369527,1.2652314227250825,0.0,
2025-06-08 10:49:40.190085+07:00,,,,0.600929159301474,1.2154696195385992,0.0,
2025-06-08 11:49:40.190085+07:00,,,,0.7461052913143066,1.189055958558134,0.0,
2025-06-08 12:49:40.190085+07:00,,,,0.9518013102202638,1.3166454268624004,0.0,
2025-06-08 13:49:40.190085+07:00,,,,1.24423122202873,1.2201049907986308,0.0,
2025-06-08 14:49:40.190085+07:00,,,,1.4787606730916754,1.0710034200128808,0.0,
2025-06-08 15:49:40.190085+07:00,,,,1.576698927706789,0.9945659645614283,0.0,
2025-06-08 16:49:40.190085+07:00,,,,1.400693902763445,1.0450352996830112,0.0,
2025-06-08 17:49:40.190085+07:00,,,,1.2414986561171304,1.1766671263150204,0.0,
2025-06-08 18:49:40.190085+07:00,,,,0.973616326351203,1.2853817933275924,0.0,
2025-06-08 19:49:40.190085+07:00,,,,0.8727027606675343,1.091431318314446,0.0,
2025-06-08 20:49:40.190085+07:00,,,,0.6927927620377619,1.0386881293853365,0.0,
2025-06-08 21:49:40.190085+07:00,,,,0.47583232495420735,1.2837972820245693,0.0,
2025-06-08 22:49:40.190085+07:00,,,,0.5957150541566386,2.1180462555137405,0.0,
2025-06-08 23:49:40.190085+07:00,,,,0.5898023054407521,1.0306099326988352,0.0,
2025-06-09 00:49:40.190085+07:00,,,,0.8042699236818756,1.2450645244732332,0.0,
2025-06-09 01:49:40.190085+07:00,,,,1.08302038237689,2.487210888679463,0.0,
2025-06-09 02:49:40.190085+07:00,,,,1.278193101067994,0.9835523992971207,0.0,
2025-06-09 03:49:40.190085+07:00,,,,1.4550188850793662,1.2968944778359635,0.0,
2025-06-09 04:49:40.190085+07:00,,,,1.4295857397089573,0.8335681994281738,0.0,
2025-06-09 05:49:40.190085+07:00,,,,1.2993277097075222,2.2606008770453956,0.0,
2025-06-09 06:49:40.190085+07:00,,,,1.220608786874066,1.3688536684332293,0.0,
2025-06-09 07:49:40.190085+07:00,,,,0.8642900414065304,1.0481446702781576,0.0,
2025-06-09 08:49:40.190085+07:00,,,,0.7626696557314352,1.3782523669979905,0.0,
2025-06-09 09:49:40.190085+07:00,,,,0.49679160379800813,1.288769981804193,0.0,
2025-06-09 10:49:40.190085+07:00,,,,0.4773117110226619,0.8778076814586186,0.0,
2025-06-09 11:49:40.190085+07:00,,,,0.6891483814393164,1.0224898561527793,0.0,
2025-06-09 12:49:40.190085+07:00,,,,0.743188838519397,1.0758506286000538,0.0,
2025-06-09 13:49:40.190085+07:00,,,,1.0263936151451365,1.1372100682005106,0.0,
2025-06-09 14:49:40.190085+07:00,,,,1.2538043337731526,1.25535420472204,0.0,
2025-06-09 15:49:40.190085+07:00,,,,1.427695244858829,0.8786927031945131,0.0,
2025-06-09 16:49:40.190085+07:00,,,,1.5436840098271933,1.3498819444126777,0.0,
2025-06-09 17:49:40.190085+07:00,,,,1.3938274836058073,1.1680851946120243,0.0,
2025-06-09 18:49:40.190085+07:00,,,,1.3110246332897193,0.8716021252638759,0.0,
2025-06-09 19:49:40.190085+07:00,,,,1.0758948951513747,1.1527188928566319,0.0,
2025-06-09 20:49:40.190085+07:00,,,,0.8630681528712639,1.0478194805876493,0.0,
2025-06-09 21:49:40.190085+07:00,,,,0.5341170105893087,1.3786111374901977,0.0,
2025-06-09 22:49:40.190085+07:00,,,,0.4420153581210921,1.2751464101563301,0.0,
2025-06-09 23:49:40.190085+07:00,,,,0.45757189809227966,1.3106567987603577,0.0,
2025-06-10 00:49:40.190085+07:00,,,,0.7412380587635858,1.0574256486063647,0.0,
2025-06-10 01:49:40.190085+07:00,,,,0.9031613938770501,1.3044751348079988,0.0,
2025-06-10 02:49:40.190085+07:00,,,,1.1521262655530724,1.2602859987616732,0.0,
2025-06-10 03:49:40.190085+07:00,,,,1.3154714504375606,1.1083887899163043,0.0,
2025-06-10 04:49:40.190085+07:00,,,,1.426540854196136,0.9513860554274775,0.0,
2025-06-10 05:49:40.190085+07:00,,,,1.5388544596019764,0.9752059217528203,0.0,
2025-06-10 06:49:40.190085+07:00,,,,1.3652775295106878,1.0807350084155805,0.0,
2025-06-10 07:49:40.190085+07:00,,,,1.1736000253052972,0.9520591837716698,0.0,
2025-06-10 08:49:40.190085+07:00,,,,0.9526862252272555,1.0411538287504523,0.0,
2025-06-10 09:49:40.190085+07:00,,,,0.7464525332637687,1.1455853569367906,0.0,
2025-06-10 10:49:40.190085+07:00,,,,0.532974694067111,0.9899759854690052,0.0,
2025-06-10 11:49:40.190085+07:00,,,,0.539868037252935,1.1624581656691941,0.0,
2025-06-10 12:49:40.190085+07:00,,,,0.6858791587292179,1.2212507218494333,0.0,
2025-06-10 13:49:40.190085+07:00,,,,0.8226372849213447,1.1933149772498237,0.0,
2025-06-10 14:49:40.190085+07:00,,,,1.0960464414955606,0.9724119584097743,0.0,
2025-06-10 15:49:40.190085+07:00,,,,1.2408144104312981,0.9533020615028437,0.0,
2025-06-10 16:49:40.190085+07:00,,,,1.3952219707446907,1.3361520549171293,0.0,
2025-06-10 17:49:40.190085+07:00,,,,1.5172205017620592,1.2497165716675056,0.0,
2025-06-10 18:49:40.190085+07:00,,,,1.3710867712696269,1.3182270625903538,0.0,
2025-06-10 19:49:40.190085+07:00,,,,1.2930332974622094,1.073198626046418,0.0,
2025-06-10 20:49:40.190085+07:00,,,,1.0364554999492668,1.297155825782299,0.0,
2025-06-10 21:49:40.190085+07:00,,,,0.6838734387393928,1.243585064723878,0.0,
2025-06-10 22:49:40.190085+07:00,,,,0.4820320352125588,1.1769649076673594,0.0,
2025-06-10 23:49:40.190085+07:00,,,,0.4386561665007821,1.123730072082705,0.0,
2025-06-11 00:49:40.190085+07:00,,,,0.6512272015979534,0.9648627115816558,0.0,
2025-06-11 01:49:40.190085+07:00,,,,0.8089945475315913,2.4238660416094753,0.0,
2025-06-11 02:49:40.190085+07:00,,,,0.9534967933326131,2.4119416084042364,0.0,
2025-06-11 03:49:40.190085+07:00,,,,1.2392025059732776,0.9838636075225049,0.0,
2025-06-11 04:49:40.190085+07:00,,,,1.4148960335845358,1.059710679860001,0.0,
2025-06-11 05:49:40.190085+07:00,,,,1.4003943867355102,1.1454573718943386,0.0,
2025-06-11 06:49:40.190085+07:00,,,,1.3934933241049752,0.9184586775392105,0.0,
2025-06-11 07:49:40.190085+07:00,,,,1.275223420197567,0.9635337097889556,0.0,
2025-06-11 08:49:40.190085+07:00,,,,1.0878584463659584,1.3037136202804405,0.0,
2025-06-11 09:49:40.190085+07:00,,,,0.7617082676317104,1.2531717983798762,0.0,
2025-06-11 10:49:40.190085+07:00,,,,0.6892896496569346,1.0749589821887704,0.0,
2025-06-11 11:49:40.190085+07:00,,,,0.49669490511046166,1.3628443701861963,0.0,
2025-06-11 12:49:40.190085+07:00,,,,0.559282684224288,1.317542533930567,0.0,
2025-06-11 13:49:40.190085+07:00,,,,0.6496428213798041,0.969089851815868,0.0,
2025-06-11 14:49:40.190085+07:00,,,,0.9003739301055453,1.027814992034139,0.0,
2025-06-11 15:49:40.190085+07:00,,,,1.052918932633393,1.0860051033233222,0.0,
2025-06-11 16:49:40.190085+07:00,,,,1.3229357950182468,1.0374140677531938,0.0,
2025-06-11 17:49:40.190085+07:00,,,,1.5618297247857729,1.7017304916716893,0.0,
2025-06-11 18:49:40.190085+07:00,,,,1.4341431877622584,0.971566642658445,0.0,
2025-06-11 19:49:40.190085+07:00,,,,1.4491459932954387,0.9983584132871341,0.0,
2025-06-11 20:49:40.190085+07:00,,,,1.2191899029121105,1.178393137983201,0.0,
2025-06-11 21:49:40.190085+07:00,,,,0.954662106526219,1.2154999587178916,0.0,
2025-06-11 22:49:40.190085+07:00,,,,0.7242072650504752,1.128575138283527,0.0,
2025-06-11 23:49:40.190085+07:00,,,,0.5433385530407492,1.2656873014745478,0.0,
2025-06-12 00:49:40.190085+07:00,,,,0.5325322810568293,1.2752174334528088,0.0,
2025-06-12 01:49:40.190085+07:00,,,,0.503443530244436,1.180529877128308,0.0,
2025-06-12 02:49:40.190085+07:00,,,,0.8111163371461116,1.0575280698904441,0.0,
2025-06-12 03:49:40.190085+07:00,,,,0.9465143942922092,1.077652412615007,0.0,
2025-06-12 04:49:40.190085+07:00,,,,1.2340008919860153,0.9289101846271653,0.0,
2025-06-12 05:49:40.190085+07:00,,,,1.4802026523331682,0.8685485404592868,0.0,
2025-06-12 06:49:40.190085+07:00,,,,1.4777052167453402,0.9434691804088131,0.0,
2025-06-12 07:49:40.190085+07:00,,,,1.3761306104732376,1.3139668445536992,0.0,
2025-06-12 08:49:40.190085+07:00,,,,1.3278998996432303,1.223384852589601,0.0,
2025-06-12 09:49:40.190085+07:00,,,,1.1040419247807503,1.3716837324074815,0.0,
2025-06-12 10:49:40.190085+07:00,,,,0.7772911056744863,1.2532930638092359,0.0,
2025-06-12 11:49:40.190085+07:00,,,,0.6473169880849521,1.3385160133225016,0.0,
2025-06-12 12:49:40.190085+07:00,,,,0.4195362903808819,0.8924407339454006,0.0,
2025-06-12 13:49:40.190085+07:00,,,,0.4526047216543567,0.9169284917547506,0.0,
2025-06-12 14:49:40.190085+07:00,,,,0.5916406185824187,0.9395002010590294,0.0,
2025-06-12 15:49:40.190085+07:00,,,,0.9096199845922931,1.1458339536184352,0.0,
2025-06-12 16:49:40.190085+07:00,,,,1.185673272248196,1.1806812727583238,0.0,
2025-06-12 17:49:40.190085+07:00,,,,1.363538703104338,1.215927930988739,0.0,
2025-06-12 18:49:40.190085+07:00,,,,1.5091337785630632,1.0492779664554992,0.0,
2025-06-12 19:49:40.190085+07:00,,,,1.4484774542029095,0.9521725266877606,0.0,
2025-06-12 20:49:40.190085+07:00,,,,1.457221482902476,1.2009376636156648,0.0,
2025-06-12 21:49:40.190085+07:00,,,,1.055453389757791,1.1588916051086127,0.0,
2025-06-12 22:49:40.190085+07:00,,,,0.8152310154952458,1.0301892618396322,0.0,
2025-06-12 23:49:40.190085+07:00,,,,0.6812446353331011,0.997103994803695,0.0,
2025-06-13 00:49:40.190085+07:00,,,,0.594469013172616,1.0285013097372893,0.0,
2025-06-13 01:49:40.190085+07:00,,,,0.5823660404792678,1.2525690212537128,0.0,
2025-06-13 02:49:40.190085+07:00,,,,0.5214349618637824,1.253629594103544,0.0,
2025-06-13 03:49:40.190085+07:00,,,,0.7374582189729679,0.8717233291961941,0.0,
2025-06-13 04:49:40.190085+07:00,,,,1.1272982739064854,1.0504547683090226,0.0,
2025-06-13 05:49:40.190085+07:00,,,,1.3657721553062419,0.9515053414801171,0.0,
2025-06-13 06:49:40.190085+07:00,,,,1.4764204092048347,1.8689608994424582,0.0,
2025-06-13 07:49:40.190085+07:00,,,,1.4538479253429646,1.0059684255108956,0.0,
2025-06-13 08:49:40.190085+07:00,,,,1.5037957745102029,1.79525478039818,0.0,
2025-06-13 09:49:40.190085+07:00,,,,1.2038972721930221,1.0492430965835198,0.0,
2025-06-13 10:49:40.190085+07:00,,,,0.940417266087624,0.9704107261359871,0.0,
2025-06-13 11:49:40.190085+07:00,,,,0.7669779494671916,1.0996594843236125,0.0,
2025-06-13 12:49:40.190085+07:00,,,,0.6110045476104424,1.1822889938391337,0.0,
2025-06-13 13:49:40.190085+07:00,,,,0.40403689915697744,1.0791131906824547,0.0,
2025-06-13 14:49:40.190085+07:00,,,,0.5909864358709818,1.2177747966106094,0.0,
2025-06-13 15:49:40.190085+07:00,,,,0.8086333175403964,0.8848280332187526,0.0,
2025-06-13 16:49:40.190085+07:00,,,,0.8715591055150299,0.9662009970565729,0.0,
2025-06-13 17:49:40.190085+07:00,,,,1.2075619039973944,1.0253861332248404,0.0,
2025-06-13 18:49:40.190085+07:00,,,,1.321015305297159,1.2892002725573268,0.0,
2025-06-13 19:49:40.190085+07:00,,,,1.5531283595253176,1.2526557891447987,0.0,
2025-06-13 20:49:40.190085+07:00,,,,1.4777505075244637,0.9052482756838712,0.0,
2025-06-13 21:49:40.190085+07:00,,,,1.3851523108863104,1.001492156602688,0.0,
2025-06-13 22:49:40.190085+07:00,,,,1.1917208988600931,0.940864442162501,0.0,
2025-06-13 23:49:40.190085+07:00,,,,0.8238933283497818,1.1139338429935417,0.0,
2025-06-14 00:49:40.190085+07:00,,,,0.719507199939601,0.9423270578356822,0.0,
2025-06-14 01:49:40.190085+07:00,,,,0.6107281901230686,1.0827348178733485,0.0,
2025-06-14 02:49:40.190085+07:00,,,,0.561055214838117,1.116850568600022,0.0,
2025-06-14 03:49:40.190085+07:00,,,,0.7098028512545922,0.965102574771135,0.0,
2025-06-14 04:49:40.190085+07:00,,,,0.8545029156104307,0.9578149364686169,0.0,
2025-06-14 05:49:40.190085+07:00,,,,1.1662025894973675,1.0971388384722363,0.0,
2025-06-14 06:49:40.190085+07:00,,,,1.3161082374598965,0.959118403883849,0.0,
2025-06-14 07:49:40.190085+07:00,,,,1.4752898391638287,1.0809360976533378,0.0,
2025-06-14 08:49:40.190085+07:00,,,,1.5062914885844105,1.1504197542818304,0.0,
2025-06-14 09:49:40.190085+07:00,,,,1.49101221287414,1.073500535714573,0.0,
2025-06-14 10:49:40.190085+07:00,,,,1.2621488410716348,1.3610778377079988,0.0,
2025-06-14 11:49:40.190085+07:00,,,,0.8905085276629794,1.0341744562103579,0.0,
2025-06-14 12:49:40.190085+07:00,,,,0.6645269275608369,1.2315157262001772,0.0,
2025-06-14 13:49:40.190085+07:00,,,,0.636922681799257,1.2370497181733007,0.0,
2025-06-14 14:49:40.190085+07:00,,,,0.4908627310988791,1.2073064977669816,0.0,
2025-06-14 15:49:40.190085+07:00,,,,0.6598739690000812,1.2069325392773178,0.0,
2025-06-14 16:49:40.190085+07:00,,,,0.739692146943912,1.0488426550097665,0.0,
2025-06-14 17:49:40.190085+07:00,,,,0.9759219585878163,0.9516375679271998,0.0,
2025-06-14 18:49:40.190085+07:00,,,,1.3237323794104907,1.1464349091498893,0.0,
2025-06-14 19:49:40.190085+07:00,,,,1.3560436250402117,2.2283173677908303,0.0,
2025-06-14 20:49:40.190085+07:00,,,,1.5117697857053458,0.9661594442528165,0.0,
2025-06-14 21:49:40.190085+07:00,,,,1.3643223563736402,1.0168229088211247,0.0,
2025-06-14 22:49:40.190085+07:00,,,,1.2526130537391627,1.073006390706008,0.0,
2025-06-14 23:49:40.190085+07:00,,,,1.0229710931222624,1.0780455672903846,0.0,
2025-06-15 00:49:40.190085+07:00,,,,0.9067638592724457,1.1778712930745314,0.0,
2025-06-15 01:49:40.190085+07:00,,,,0.5412003059277912,1.3160691028935594,0.0,
2025-06-15 02:49:40.190085+07:00,,,,0.4539826174385141,1.1870525548644721,0.0,
2025-06-15 03:49:40.190085+07:00,,,,0.4263836008520997,0.8602587610731376,0.0,
2025-06-15 04:49:40.190085+07:00,,,,0.7330893885195897,1.5007136558349607,0.0,
2025-06-15 05:49:40.190085+07:00,,,,0.9082361822703933,1.3097613804454125,0.0,
2025-06-15 06:49:40.190085+07:00,,,,1.2227212710139101,1.020062746213594,0.0,
2025-06-15 07:49:40.190085+07:00,,,,1.3646768654813015,1.2931256254061059,0.0,
2025-06-15 08:49:40.190085+07:00,,,,1.3999675646749385,1.0531910635324526,0.0,
2025-06-15 09:49:40.190085+07:00,,,,1.4048322642710251,1.3083949532688222,0.0,
2025-06-15 10:49:40.190085+07:00,,,,1.327548731089856,1.2086859590376358,0.0,
2025-06-15 11:49:40.190085+07:00,,,,1.2560760320265927,0.9015048432287034,0.0,
2025-06-15 12:49:40.190085+07:00,,,,0.9275829150895006,1.0150323166428155,0.0,
2025-06-15 13:49:40.190085+07:00,,,,0.621139711069242,0.9438288765072698,0.0,
2025-06-15 14:49:40.190085+07:00,,,,0.5841386948361748,1.2100159075886414,0.0,
2025-06-15 15:49:40.190085+07:00,,,,0.5318490919234913,1.2257170434054119,0.0,
2025-06-15 16:49:40.190085+07:00,,,,0.5241271015514202,0.9234403347034131,0.0,
2025-06-15 17:49:40.190085+07:00,,,,0.7589856671192975,1.2940632236277332,0.0,
2025-06-15 18:49:40.190085+07:00,,,,0.9391403000782658,1.3568034732617649,0.0,
2025-06-15 19:49:40.190085+07:00,,,,1.1839262248996965,2.4583923603838995,0.0,
2025-06-15 20:49:40.190085+07:00,,,,1.4346236189365447,1.1543012325249982,0.0,
2025-06-15 21:49:40.190085+07:00,,,,1.5124990380273038,1.3047404530065119,0.0,
2025-06-15 22:49:40.190085+07:00,,,,1.4936828152122965,1.341513458069373,0.0,
2025-06-15 23:49:40.190085+07:00,,,,1.3236919024505944,0.8752841627447772,0.0,
2025-06-16 00:49:40.190085+07:00,,,,1.0375218540360387,1.2598939154150703,0.0,
2025-06-16 01:49:40.190085+07:00,,,,0.8032823067971151,1.0026512437213537,0.0,
2025-06-16 02:49:40.190085+07:00,,,,0.5626310313171394,1.2697673551429525,0.0,
2025-06-16 03:49:40.190085+07:00,,,,0.5321826046207905,0.9789332900491441,0.0,
2025-06-16 04:49:40.190085+07:00,,,,0.49610481332653183,1.1623257249107535,0.0,
2025-06-16 05:49:40.190085+07:00,,,,0.7806052558181946,2.4791608112383785,0.0,
2025-06-16 06:49:40.190085+07:00,,,,0.854991193250605,1.0227512739205988,0.0,
2025-06-16 07:49:40.190085+07:00,,,,1.0980348425434057,0.8500033426907938,0.0,
2025-06-16 08:49:40.190085+07:00,,,,1.3298905766311244,1.209349811672399,0.0,
2025-06-16 09:49:40.190085+07:00,,,,1.4882143841242417,0.8377379197438166,0.0,
2025-06-16 10:49:40.190085+07:00,,,,1.5691163541321063,0.89272125060746,0.0,
2025-06-16 11:49:40.190085+07:00,,,,1.390424198146336,1.2897939541988057,0.0,
2025-06-16 12:49:40.190085+07:00,,,,1.0478924043061626,1.0418976526004715,0.0,
2025-06-16 13:49:40.190085+07:00,,,,0.8853092131698947,1.1822321965365197,0.0,
2025-06-16 14:49:40.190085+07:00,,,,0.6363314435216858,0.9269366104415602,0.0,
2025-06-16 15:49:40.190085+07:00,,,,0.47810690299198016,1.0925495133612162,0.0,
2025-06-16 16:49:40.190085+07:00,,,,0.41728285623903943,1.0972412330295607,0.0,
2025-06-16 17:49:40.190085+07:00,,,,0.6822231413441247,1.0941968751267779,0.0,
2025-06-16 18:49:40.190085+07:00,,,,0.7663432397089489,1.1207342859504619,0.0,
2025-06-16 19:49:40.190085+07:00,,,,1.1148444826253834,1.102184508604977,0.0,
2025-06-16 20:49:40.190085+07:00,,,,1.2609714543864077,1.1122080542622141,0.0,
2025-06-16 21:49:40.190085+07:00,,,,1.4249649490088183,2.3058260618130446,0.0,
2025-06-16 22:49:40.190085+07:00,,,,1.5106259607918422,1.239502422428837,0.0,
2025-06-16 23:49:40.190085+07:00,,,,1.3687625529250922,1.15587556170912,0.0,
2025-06-17 00:49:40.190085+07:00,,,,1.188548917388523,0.920136690651489,0.0,
2025-06-17 01:49:40.190085+07:00,,,,1.0325868379779828,1.8446265223965082,0.0,
2025-06-17 02:49:40.190085+07:00,,,,0.7209826648669472,1.1871420618224957,0.0,
2025-06-17 03:49:40.190085+07:00,,,,0.47136656697083396,1.1455578862128781,0.0,
2025-06-17 04:49:40.190085+07:00,,,,0.5702965233223385,1.2236852764303194,0.0,
2025-06-17 05:49:40.190085+07:00,,,,0.5112280663035884,1.339569916558135,0.0,
2025-06-17 06:49:40.190085+07:00,,,,0.6331760905995876,1.091028951807987,0.0,
2025-06-17 07:49:40.190085+07:00,,,,0.9484383087203161,2.3566516924686765,0.0,
2025-06-17 08:49:40.190085+07:00,,,,1.183425518482309,0.8917927682452812,0.0,
2025-06-17 09:49:40.190085+07:00,,,,1.4891726821313902,0.8952044147600732,0.0,
2025-06-17 10:49:40.190085+07:00,,,,1.4044324202579306,1.1908702883744162,0.0,
2025-06-17 11:49:40.190085+07:00,,,,1.53958851327266,2.253100819526402,0.0,
2025-06-17 12:49:40.190085+07:00,,,,1.3923868913557713,1.6259830763243297,0.0,
2025-06-17 13:49:40.190085+07:00,,,,1.1672631744640487,1.0935919095700877,0.0,
2025-06-17 14:49:40.190085+07:00,,,,0.7549228351103187,1.1736864887246732,0.0,
2025-06-17 15:49:40.190085+07:00,,,,0.6303919747218836,0.9792995149659969,0.0,
2025-06-17 16:49:40.190085+07:00,,,,0.5724069007837901,0.9710237949991797,0.0,
2025-06-17 17:49:40.190085+07:00,,,,0.5944200440822659,0.8800918569218085,0.0,
2025-06-17 18:49:40.190085+07:00,,,,0.6501458786834279,0.9325955480936824,0.0,
2025-06-17 19:49:40.190085+07:00,,,,0.8584954888652782,1.1514806576880745,0.0,
2025-06-17 20:49:40.190085+07:00,,,,1.0315224151172218,1.2049573859389764,0.0,
2025-06-17 21:49:40.190085+07:00,,,,1.4156938050718768,1.2949791977499032,0.0,
2025-06-17 22:49:40.190085+07:00,,,,1.481992388250414,1.0353707004471333,0.0,
2025-06-17 23:49:40.190085+07:00,,,,1.4442108544350836,1.5702898787853399,0.0,
2025-06-18 00:49:40.190085+07:00,,,,1.3941314031160492,0.8141084090645485,0.0,
2025-06-18 01:49:40.190085+07:00,,,,1.112450130882145,1.2225827358386323,0.0,
2025-06-18 02:49:40.190085+07:00,,,,0.9261248777961758,0.9301974227601912,0.0,
2025-06-18 03:49:40.190085+07:00,,,,0.7214694493823739,1.0614414688005396,0.0,
2025-06-18 04:49:40.190085+07:00,,,,0.5884450648727959,1.3436069828335768,0.0,
2025-06-18 05:49:40.190085+07:00,,,,0.5796228132340738,1.1933115421961928,0.0,
2025-06-18 06:49:40.190085+07:00,,,,0.4789294046264692,1.1058558636926965,0.0,
2025-06-18 07:49:40.190085+07:00,,,,0.7789335463780379,1.2566279172845671,0.0,
2025-06-18 08:49:40.190085+07:00,,,,1.0597061931510954,1.2808728798066704,0.0,
2025-06-18 09:49:40.190085+07:00,,,,1.3236380194038435,0.946330511097902,0.0,
2025-06-18 10:49:40.190085+07:00,,,,1.3991041246295985,1.2427894808415334,0.0,
2025-06-18 11:49:40.190085+07:00,,,,1.5857295430902176,1.077947941213228,0.0,
2025-06-18 12:49:40.190085+07:00,,,,1.4051544676734178,2.3936885936207695,0.0,
2025-06-18 13:49:40.190085+07:00,,,,1.232437320708829,1.1209010222165021,0.0,
2025-06-18 14:49:40.190085+07:00,,,,1.1425547350479348,1.3747991585266761,0.0,
2025-06-18 15:49:40.190085+07:00,,,,0.8858686723133514,0.9235085588530219,0.0,
2025-06-18 16:49:40.190085+07:00,,,,0.5223620628304704,0.9834950507387735,0.0,
2025-06-18 17:49:40.190085+07:00,,,,0.4840621228849612,1.3537326308885884,0.0,
2025-06-18 18:49:40.190085+07:00,,,,0.6243042763419793,1.2999452284121544,0.0,
2025-06-18 19:49:40.190085+07:00,,,,0.6585110742784738,1.1506547937267508,0.0,
2025-06-18 20:49:40.190085+07:00,,,,0.8406209547831545,1.063318590475057,0.0,
2025-06-18 21:49:40.190085+07:00,,,,1.1785035727766915,1.1952601966256922,0.0,
2025-06-18 22:49:40.190085+07:00,,,,1.3589056958951624,2.1806707796953995,0.0,
2025-06-18 23:49:40.190085+07:00,,,,1.4764219611195897,1.0633513155627805,0.0,
2025-06-19 00:49:40.190085+07:00,,,,1.433322926814245,0.9692834233399015,0.0,
2025-06-19 01:49:40.190085+07:00,,,,1.3483626341163917,0.9088977116275874,0.0,
2025-06-19 02:49:40.190085+07:00,,,,1.0591043373039777,1.146885283964071,0.0,
2025-06-19 03:49:40.190085+07:00,,,,0.810701159707228,1.049741843214783,0.0,
2025-06-19 04:49:40.190085+07:00,,,,0.7782106305303743,1.2046405392282176,0.0,
2025-06-19 05:49:40.190085+07:00,,,,0.518172050463143,1.171175199924307,0.0,
2025-06-19 06:49:40.190085+07:00,,,,0.5573055333558891,1.2108804080202782,0.0,
2025-06-19 07:49:40.190085+07:00,,,,0.6189211395595126,1.1311976590634498,0.0,
2025-06-19 08:49:40.190085+07:00,,,,0.7716566223623267,0.839603327054154,0.0,
2025-06-19 09:49:40.190085+07:00,,,,1.1316321921798662,1.9701345063826725,0.0,
2025-06-19 10:49:40.190085+07:00,,,,1.2628929766055548,1.06861757682144,0.0,
2025-06-19 11:49:40.190085+07:00,,,,1.52124000684695,1.2218992921886258,0.0,
2025-06-19 12:49:40.190085+07:00,,,,1.5508650807246125,1.3620531834938834,0.0,
2025-06-19 13:49:40.190085+07:00,,,,1.3892807795454454,1.032649061209666,0.0,
2025-06-19 14:49:40.190085+07:00,,,,1.2138467042811807,1.0621561280933072,0.0,
2025-06-19 15:49:40.190085+07:00,,,,0.9262785820392438,1.0951880372610152,0.0,
2025-06-19 16:49:40.190085+07:00,,,,0.7613722756244565,1.319184903377104,0.0,
2025-06-19 17:49:40.190085+07:00,,,,0.557259695480462,1.1634244152057516,0.0,
2025-06-19 18:49:40.190085+07:00,,,,0.5454425860449246,0.9511294665265044,0.0,
2025-06-19 19:49:40.190085+07:00,,,,0.5948239842881968,2.1469881130248973,0.0,
2025-06-19 20:49:40.190085+07:00,,,,0.6987973715756796,1.2770751517810874,0.0,
2025-06-19 21:49:40.190085+07:00,,,,0.9683538495504158,1.07068722025389,0.0,
2025-06-19 22:49:40.190085+07:00,,,,1.085518913556846,0.9449228462641851,0.0,
2025-06-19 23:49:40.190085+07:00,,,,1.291989753590784,1.2743917315655964,0.0,
2025-06-20 00:49:40.190085+07:00,,,,1.589856429292386,2.464068260331213,0.0,
2025-06-20 01:49:40.190085+07:00,,,,1.5432860211817638,0.837814433609926,0.0,
2025-06-20 02:49:40.190085+07:00,,,,1.397366948433362,0.9738357181140516,0.0,
2025-06-20 03:49:40.190085+07:00,,,,1.1823630310651903,1.2912924291427927,0.0,
2025-06-20 04:49:40.190085+07:00,,,,0.8667022679129923,0.9611141143264951,0.0,
2025-06-20 05:49:40.190085+07:00,,,,0.6261234525347398,1.1405044785342362,0.0,
2025-06-20 06:49:40.190085+07:00,,,,0.5803342564349403,1.2924616776597964,0.0,
2025-06-20 07:49:40.190085+07:00,,,,0.6063084889118031,0.9053692484092141,0.0,
2025-06-20 08:49:40.190085+07:00,,,,0.5977679633161207,1.1923171738937173,0.0,
2025-06-20 09:49:40.190085+07:00,,,,0.8380562222070519,1.1560791929358123,0.0,
2025-06-20 10:49:40.190085+07:00,,,,1.1275272369722735,1.0915695638653102,0.0,
2025-06-20 11:49:40.190085+07:00,,,,1.2514631844623019,1.3024604725540674,0.0,
2025-06-20 12:49:40.190085+07:00,,,,1.429722758613619,1.0693187649146032,0.0,
2025-06-20 13:49:40.190085+07:00,,,,1.5467552772312096,1.0259290802909065,0.0,
2025-06-20 14:49:40.190085+07:00,,,,1.3161323076797449,1.1782726552152454,0.0,
2025-06-20 15:49:40.190085+07:00,,,,1.1257865569841143,1.0128523690814795,0.0,
2025-06-20 16:49:40.190085+07:00,,,,0.9721274791184992,0.9214453302427139,0.0,
2025-06-20 17:49:40.190085+07:00,,,,0.7724853690844471,1.1130420431680867,0.0,
2025-06-20 18:49:40.190085+07:00,,,,0.6584003449920952,1.258688986314819,0.0,
2025-06-20 19:49:40.190085+07:00,,,,0.4220034863282579,1.285381618662339,0.0,
2025-06-20 20:49:40.190085+07:00,,,,0.5613124866626902,1.035120487869612,0.0,
2025-06-20 21:49:40.190085+07:00,,,,0.819091069691886,1.2318696119876358,0.0,
2025-06-20 22:49:40.190085+07:00,,,,1.0618480374418107,2.173531091077544,0.0,
2025-06-20 23:49:40.190085+07:00,,,,1.2857258075852411,1.2112490744689381,0.0,
2025-06-21 00:49:40.190085+07:00,,,,1.3931055384914628,0.8925390898292657,0.0,
2025-06-21 01:49:40.190085+07:00,,,,1.4219620701017477,1.225497105342196,0.0,
2025-06-21 02:49:40.190085+07:00,,,,1.5492103645168895,0.8477522750409083,0.0,
2025-06-21 03:49:40.190085+07:00,,,,1.3971925504481906,1.0162125886839772,0.0,
2025-06-21 04:49:40.190085+07:00,,,,1.1639585196163371,0.9132842175728253,0.0,
2025-06-21 05:49:40.190085+07:00,,,,0.8122079941043816,2.135389939936453,0.0,
2025-06-21 06:49:40.190085+07:00,,,,0.6904213841787521,1.2678275226283167,0.0,
2025-06-21 07:49:40.190085+07:00,,,,0.5883382415141089,1.0157551653931995,0.0,
2025-06-21 08:49:40.190085+07:00,,,,0.5150359837582348,0.9368895766500795,0.0,
2025-06-21 09:49:40.190085+07:00,,,,0.5774713389588244,1.2498732374898236,0.0,
2025-06-21 10:49:40.190085+07:00,,,,0.9599182398870075,1.0418948625683264,0.0,
2025-06-21 11:49:40.190085+07:00,,,,1.0956488884265714,1.1591125457035316,0.0,
2025-06-21 12:49:40.190085+07:00,,,,1.244332042173546,2.4644616529484473,0.0,
2025-06-21 13:49:40.190085+07:00,,,,1.5460259351375436,1.2113189786974583,0.0,
2025-06-21 14:49:40.190085+07:00,,,,1.4884537437479635,1.259856949414746,0.0,
2025-06-21 15:49:40.190085+07:00,,,,1.347513087900452,0.8266268364196268,0.0,
2025-06-21 16:49:40.190085+07:00,,,,1.2532457966960837,0.9417787614558732,0.0,
2025-06-21 17:49:40.190085+07:00,,,,0.8704726514803952,1.1573857438554684,0.0,
2025-06-21 18:49:40.190085+07:00,,,,0.6770060255592052,1.039882049693347,0.0,
2025-06-21 19:49:40.190085+07:00,,,,0.5981952238934245,1.8448323490385916,0.0,
2025-06-21 20:49:40.190085+07:00,,,,0.5966561273856027,0.9049314529449468,0.0,
2025-06-21 21:49:40.190085+07:00,,,,0.5209850620721649,1.0546274765293302,0.0,
2025-06-21 22:49:40.190085+07:00,,,,0.7965308010942277,1.168070941147277,0.0,
2025-06-21 23:49:40.190085+07:00,,,,1.1102046022083658,1.2161654638663109,0.0,
2025-06-22 00:49:40.190085+07:00,,,,1.2612302563884021,0.8697487196899009,0.0,
2025-06-22 01:49:40.190085+07:00,,,,1.4861051097183327,1.1894952185861587,0.0,
2025-06-22 02:49:40.190085+07:00,,,,1.5655962814792315,1.283899480703594,0.0,
2025-06-22 03:49:40.190085+07:00,,,,1.4238099303600529,1.0953711093819631,0.0,
2025-06-22 04:49:40.190085+07:00,,,,1.3422497351651015,1.3110822168342948,0.0,
2025-06-22 05:49:40.190085+07:00,,,,1.0401744640516062,1.0963022705736631,0.0,
2025-06-22 06:49:40.190085+07:00,,,,0.82014857870413,0.9112403695112674,0.0,
2025-06-22 07:49:40.190085+07:00,,,,0.6874748859213369,0.8352983560382474,0.0,
2025-06-22 08:49:40.190085+07:00,,,,0.48638841987378356,1.1239658710800686,0.0,
2025-06-22 09:49:40.190085+07:00,,,,0.5346360592569361,1.1446451205726709,0.0,
2025-06-22 10:49:40.190085+07:00,,,,0.6778983281029015,1.0818980719017495,0.0,
2025-06-22 11:49:40.190085+07:00,,,,0.9328431324587441,1.1869586908276393,0.0,
